ID,Nosaukums,Latitude,Longitude
1,Beberliņu ūdenskrātuve,56.5642778,21.0190556
2,Papes ezers,56.1897222,21.0473333
3,Liepājas ezers,56.4581667,21.0553333
4,Tosmares ezers,56.578,21.0573889
5,Dubeņu karjera dīķis,56.4903056,21.1862778
6,Jardāns,56.5171389,21.1920833
7,Tāšu ezers,56.6101944,21.2204444
8,Ērgļu dīķis,56.5250278,21.2723889
9,Diekantu dīķis,56.5125,21.2738611
10,Eglīšu dīķis,56.5196667,21.2866667
11,Lielais Bērzu dīķis,56.7005,21.3045
12,Penta dīķis,56.5274722,21.3514167
13,Durbes ezers,56.6157222,21.3591111
14,Rimmas dīķis,56.6586111,21.3598056
15,Mačpors,56.6576389,21.3729444
16,Purva dīķis,56.6074444,21.3934167
17,Buļļu dīķis,56.5880278,21.3986389
18,Vīksnas dīķis,56.6616944,21.4080833
19,Dzēkainis,56.7432222,21.4365556
20,Morķu dīķis,56.5664722,21.4463889
21,Jaunostiņu dīķis,56.6542778,21.4483889
22,Krievpurva dīķis,56.7811389,21.46775
23,Dzintarnieku dīķis,56.8149722,21.4725
24,Tīpors,56.6536667,21.4791944
25,Prūšu ūdenskrātuve,56.4356389,21.4865833
26,Mazdzērves dīķis,56.7760556,21.4908611
27,Dopors,56.67525,21.5021111
28,Bunkas dzirnavezers,56.5015,21.5025556
29,Elku dīķis,56.7912222,21.5033611
30,Lejpors,56.5905833,21.5191111
31,Poļu dīķis,56.75525,21.5234722
32,Lāču dīķis,56.7836667,21.5235833
33,Atgarozas dīķis,56.8018889,21.5318889
34,Plūdākslis,56.6685833,21.5431111
35,Krotes dzirnavu dīķis,56.5480278,21.5504444
36,Zveju dīķis,56.8125556,21.5616667
37,Alsungas dzirnavezers,56.9801389,21.5730556
38,Velekšņu dīķis,56.5418611,21.5743056
39,Alokstes ūdenskrātuve,56.7982778,21.5860556
40,Dobeļdīķis,56.4634722,21.6006111
41,Lažas ūdenskrātuve,56.711,21.6306111
42,Būšnieku ezers,57.4455278,21.6438889
43,Zvirgzdu ezers,56.9346389,21.6485556
44,Ķikuru ezers,56.8010833,21.6603889
45,Mucenieku dīķis,56.6566667,21.6701111
46,Reiņu ezers,56.5480556,21.6720833
47,Vendzavas dzirnavezers,57.16375,21.6768611
48,Kukšezers,56.9568889,21.6808889
49,Aploku dīķis,56.6508611,21.6839722
50,Piņķezers,56.9975,21.6911944
51,Blendienas dīķis,56.6744167,21.6913611
52,Krūzgaļu dīķis,56.6812778,21.7024444
53,Tāšu Padures dzirnavezers,56.5981111,21.7145833
54,Baložu dīķis,56.6506667,21.7266667
55,Sepenes ezers,56.5569444,21.7330278
56,Prāvāju dīķis,56.6928333,21.7371389
57,Kazdangas dzirnavezers,56.7243333,21.7388333
58,Krauzes dīķis,56.6959444,21.7433889
59,Zviedru dīķis,56.6820833,21.7491944
60,Tapiņu dīķis,56.6685,21.7493056
61,Tīdu ezers,56.631,21.75625
62,Tīreļu dīķis,56.5418333,21.7608056
63,Īvandes dzirnavezers,56.9883056,21.7680278
64,Kaners,56.7896667,21.7715556
65,Ilziks,56.6144167,21.7764722
66,Klāņezers,57.4657222,21.7773611
67,Vilgāles ezers,56.8752222,21.8087222
68,Lielais Nabas ezers,57.0700278,21.8112222
69,Rakauska dīķis,56.7975278,21.8191944
70,Kāžezers,57.1675556,21.8391667
71,Briņķu ezers,56.5237778,21.8418611
72,Mazais Nabas ezers,57.067,21.8431111
73,Pižuka dīķis,56.4257778,21.8482778
74,Kalšu ezers,56.3635556,21.8698889
75,Bātas dzirnavu dīķis,56.4466667,21.8909167
76,Āpezers ,56.9264722,21.8910556
77,Zigatezers,57.5547778,21.9013889
78,Makšķerezers,57.5583333,21.9264444
79,Viesdauga,56.4956389,21.9288889
80,Svētes ūdenskrātuve,57.2967778,21.9519167
81,Krievkalnu dīķis,56.5831667,21.9598889
82,Garais ezers,57.5666944,21.961
83,Puzes ezers,57.3328333,21.9628056
84,Blaku dīķi,57.0089444,22.0193889
85,Sipenes dzirnavezers,57.3340833,22.0738889
86,Skarbezers,57.55425,22.0784167
87,Kanavišķu dīķis,56.4548889,22.11875
88,Lakšezers,57.2446389,22.1201667
89,Usmas ezers,57.1864722,22.1411667
90,Slujas ezers,57.0983056,22.1705556
91,Liepas dīķis,56.4818611,22.1759167
92,Ilziķis,57.2612222,22.1795278
93,Zaņas dzirnavu dīķis,56.4556389,22.1829167
94,Tirukšezers,57.2357778,22.1976944
95,Sviriņezers ,57.0159722,22.2081667
96,Mežzīles dzirnavezers,57.0774167,22.2115556
97,Pampāļu dzirnavu dīķis,56.5459722,22.21325
98,Celmu dīķis,56.4629722,22.2171944
99,Veiķenieku ezers,56.7387222,22.2394722
100,Mednieku dīķis,56.4460833,22.2418056
101,Gulbju ezers,57.2135,22.2545556
102,Šķēdes dzirnavezers,56.8921389,22.2554167
103,Dižiere ,57.3214722,22.2626111
104,Segliņu ezers,57.0916944,22.2649444
105,Mežmuižas ezers,57.1251389,22.2752778
106,Pāces dīķis ,57.4881111,22.2760556
107,Seklene ,57.2997222,22.2801389
108,Pāces dzirnavezers,57.49825,22.2802222
109,Dzilonis,57.1230556,22.2826667
110,Mordangas ezers,57.1450833,22.2838889
111,Plocenieku dīķis,56.5821944,22.2873056
112,Gulbis,57.1116111,22.28875
113,Ezerkalna dīķis,56.4598611,22.2891944
114,Kāņezers,57.1462222,22.2919722
115,Groskopu dīķis,56.5775278,22.29225
116,Spīķu ūdenskrātuve,56.8843611,22.2933333
117,Luntes dīķis,56.8261389,22.2958889
118,Lašupes dzirnavu dīķis,56.7089444,22.2962778
119,Kalvenes ezers,57.1591944,22.3005278
120,Rūmikezers,57.1685833,22.3032222
121,Kleinis,57.14825,22.3089722
122,Spāres ezers,57.2173333,22.313
123,Planku dīķis,56.6081667,22.3181389
124,Smilgu dīķis,56.7568611,22.3233056
125,Pakuļu ūdenskrātuve,56.6863611,22.3264444
126,Rupeiku dīķis,56.5821667,22.3282778
127,Stūriņezers,57.3349444,22.3537222
128,Buku dīķis ,56.9655278,22.37025
129,Ezeres dzirnavu dīķis,56.4046667,22.37075
130,Dekšņas dīķis,56.6306667,22.3733611
131,Lapsu dīķis,56.6527222,22.3746944
132,Pluncezers,57.1792778,22.385
133,Ķēniņu dīķis,56.7591389,22.3914167
134,Struņķdīķis,57.3084444,22.3934444
135,Silzemju dīķis,56.6322778,22.3946667
136,Ķēniņu dīķis,56.4590833,22.4096667
137,Kalnimantu dīķis,57.3089444,22.415
138,Kaļķu dīķis,57.5471944,22.4176389
139,Sāmeļu dīķis,56.5938611,22.4257222
140,Odumu dīķis,57.4903889,22.4272222
141,Zutēnu dīķis,56.8549167,22.4490833
142,Berkindīķis,56.8246667,22.4504444
143,Reņģenes dīķis,56.461,22.4741944
144,Dižklajamdīķis,57.4134722,22.4901111
145,Kuļļu dīķis,57.33,22.49475
146,Lainums,56.9511389,22.5031389
147,Saldus ezers,56.6739167,22.5106944
148,Driguļu dīķis,56.5373889,22.51575
149,Vecsatiķu dzirnavu dīķis,56.7932222,22.5376944
150,Brocēnu ezers ,56.6985833,22.553
151,Cieceres ezers,56.6478333,22.5624167
152,Vēderiņu dīķis,56.9575,22.5745833
153,Lielais Lemzeres dīķis,56.5961111,22.57675
154,Purva dīķis,56.9644722,22.5868333
155,Vilkmuižas ezers,57.2518611,22.5875278
156,Ildzis,56.7303333,22.5901667
157,Talsu ezers,57.2428333,22.5959167
158,Zvārdes ezers ,56.5738056,22.6036111
159,Ķirpdīķis,56.9117222,22.6147778
160,Sasmakas ezers ,57.3650278,22.615
161,Pīsenieku dīķis,56.5923611,22.6174444
162,Lanceņu dīķis,56.7846389,22.6301389
163,Baltezers,56.6805,22.6346111
164,Svētaiņu ezers ,56.5475278,22.6360278
165,Lubezers,57.3963056,22.6398333
166,Klagātu dīķis,56.7590278,22.6495
167,Ķerkliņu ezers,56.5224722,22.6789444
168,Laidzes ezers,57.2977778,22.6848056
169,Remtes ezers,56.7363333,22.6848889
170,Rūtiņu dīķis,56.6308333,22.6971111
171,Kazukalnu dīķis,56.8113056,22.7073889
172,Kaiju dīķis,56.7473333,22.7113333
173,Glūdaiņu dīķis,56.55125,22.7264722
174,Purdīķis,56.9007222,22.77025
175,Blīdenes dzirnavu ezers,56.6575833,22.7847222
176,Vadakstes ūdenskrātuve,56.3677778,22.78825
177,Bauju dīķis,56.983,22.8061667
178,Pona dīķis ,56.5966944,22.81175
179,Jerlaku dīķis,56.6206667,22.8136667
180,Sauzeru dīķis,56.5900278,22.81375
181,Dāvainis,56.6333333,22.8180833
182,Purviņu dīķi,56.5971667,22.8238056
183,Viesatu dzirnavezers,56.7996944,22.8438611
184,Kukšu dzirnavu ezers,56.9759167,22.8551111
185,Dursupes ezers,57.1936111,22.8771389
186,Pļavu ezers,57.2607778,22.8888333
187,Žvinguļu dīķis,56.6192778,22.8936389
188,Auniņu dīķis,56.6133333,22.895
189,Lielauces ezers,56.5340278,22.9032222
190,Brencis,56.7779722,22.9158889
191,Glūdainis,56.7718333,22.9181389
192,Jaunsātu grantskarjera dīķis,56.9669722,22.94725
193,Lielais Lācis,56.7948056,22.9480833
194,Palejas dzirnavu ezers,56.6658611,22.9699444
195,Svētes ezers,56.6170833,22.9816944
196,Zebrus ezers,56.6319722,22.9853889
197,Vipēdis ,56.5900278,22.9971944
198,Dzirciema ezers,57.1133333,23.0116111
199,Sesavas ezers,56.5698333,23.0190833
200,Vaskaris,57.1597778,23.0367778
201,Spārņa ezers,56.5533889,23.0390833
202,Ķimšu ūdenskrātuve,56.7325,23.0403889
203,Bēnes dzirnavezers ,56.4887222,23.0484722
204,Rindzeles ezers,57.1389722,23.0510278
205,Sīļezers,57.0864722,23.0549167
206,Ukru ezers,56.3375278,23.0576667
207,Lestenes ezers ,56.77225,23.0709167
208,Sēmes ezers,57.05175,23.0723333
209,Brandavu ezers,56.7508889,23.0723611
210,Annenieku ūdenskrātuve,56.6723889,23.0778889
211,Lielapsauju ezers,56.7178333,23.0821389
212,Pilsētas ezers,57.0971667,23.0860556
213,Rideļu dzirnavezers,57.1513056,23.0875556
214,Kliģu ezers,56.7200833,23.1087222
215,Engures ezers,57.2652778,23.1098611
216,Seklis,57.0044167,23.1213611
217,Mariņmuižas dīķis,56.7855,23.1683056
218,Naudītes dīķis,56.53575,23.1844722
219,Rūju dīķi,56.61875,23.2094167
220,Velēnu dīķis,56.4536111,23.2101111
221,Klūnu dīķis,56.4541389,23.2241111
222,Apguldes ezers,56.5406667,23.2464444
223,Džūkstes ūdenskrātuve,56.7973611,23.2596667
224,Lāču dīķis,56.6547222,23.264
225,Gaurata ezers,56.6652222,23.2890278
226,Lielais Ausekļu dīķis,56.6867778,23.2905556
227,Valguma ezers,56.9895833,23.3094722
228,Augstkalnes dzirnavu ezers,56.4035,23.3299722
229,Kroņauces dzirnavu ezers,56.5148611,23.3315556
230,Indrānu ūdenskrātuve,56.4883056,23.3356944
231,Lancenieku dzirnavu ezers,56.8142778,23.3372778
232,Gulbju ūdenskrātuve ,56.5002222,23.4030278
233,Kaņieris,57.0023333,23.4665
234,Dūņieris,56.9885833,23.4993611
235,Mūrmuižas dzirnavu ezers,56.4320278,23.5187222
236,Melnezers,56.9690833,23.5272778
237,Akacis,56.9418333,23.5513611
238,Slokas ezers,56.9558333,23.5617778
239,Sahalīnes dīķis,56.8471111,23.5632778
240,Aklais ezers,56.9385556,23.577
241,Lielplatones ūdenskrātuve,56.4658333,23.6693889
242,Ruļļu karjera dīķis,56.5932222,23.6834167
243,Platones ūdenskrātuve,56.5340278,23.6951944
244,Babītes ezers,56.92075,23.7412222
245,Ozolnieku ezers ,56.6869167,23.8013333
246,Tīreļu ūdenskrātuve,56.8515,23.8129722
247,Griķu dīķis,56.6853889,23.8533333
248,Božu ūdenskrātuve,56.9095,23.8785833
249,Svitenes ūdenskrātuve,56.3690833,23.921
250,Beberbeķu dzirnavezers,56.9304444,23.9231944
251,Rundāles dzirnavu ezers,56.4214722,24.0165833
252,Ziemas osta,57.0548889,24.0303889
253,Bolderājas karjers,57.01225,24.0337222
254,Stūnīšu ezers,56.8633333,24.0545833
255,Māras dīķis,56.9304444,24.0796389
256,Vecdaugava,57.0592222,24.0898611
257,Tīturgas ezers,56.8737222,24.1341944
258,Ķīšezers,57.0229167,24.1751389
259,Bābelītis,56.9905833,24.2181111
260,Vidusezers,57.0338611,24.2313333
261,Lielais Jūgezers,57.0532778,24.2400278
262,Dambjapurva ezers,56.9769722,24.2401111
263,Velnezers,56.9764722,24.2466667
264,Laveru ezers,57.1166111,24.2671111
265,Ataru ezers,57.0647222,24.2690556
266,Juglas ezers,56.9796389,24.2796667
267,Ulbrokas ezers,56.9375278,24.2870833
268,Lielais Baltezers,57.0285,24.2948889
269,Dienvidu Garezers,57.1609444,24.2955
270,Vidējais Garezers,57.1715833,24.3118056
271,Dzirnezers,57.13925,24.3121667
272,Mašēnu ezers,56.9765,24.3198889
273,Mazais Baltezers,57.0468056,24.3282778
274,Ummis,57.1678889,24.3312222
275,Langstiņu ezers,57.0116944,24.3387778
276,Sudrabezers,57.0283611,24.3455556
277,Sauriešu karjera ūdenskrātuves,56.9076944,24.3468889
278,Vējupe,57.0716944,24.3515556
279,Sekšu ezers,57.0363333,24.3522222
280,Kadagas ezers,57.1164722,24.3545833
281,Lilastes ezers ,57.1806389,24.3558889
282,Dūņezers,57.1505556,24.3576944
283,Sunīšu ezers,56.9737222,24.3639444
284,Mazuikas ezers,57.1281944,24.3751667
285,Venču ezers,57.0480278,24.3778611
286,Lieluikas ezers,57.1373333,24.3855833
287,Rīgas ūdenskrātuve,56.8351389,24.3924444
288,Beibežu dīķis,56.5638889,24.4141944
289,Arves ezers,56.5724722,24.4141944
290,Ozolaines dīķis,56.44425,24.4696389
291,Staņķu dzirnavu ezers,56.6539722,24.4925
292,Jaunais ezers,56.6011111,24.5196667
293,Vecais ezers,56.6069722,24.5415
294,Viļķenes muižas dzirnavezers,57.6104444,24.5655833
295,Bārbeles ezers,56.4639167,24.5767222
296,Riebezers,57.4911944,24.5788889
297,Dziļezers,57.4955556,24.5818889
298,Primmas ezers,57.7401389,24.5933889
299,Pabažu ezers,57.2567778,24.5937778
300,Rukšu ezers,56.4226667,24.5966667
301,Auziņu ezers,57.4729722,24.6013889
302,Skujas ezers,57.4635,24.6113333
303,Bruņķītis,57.4508889,24.6212222
304,Turmatu dīķis,57.6891389,24.6304444
305,Cimelis,57.5362778,24.6368889
306,Bīriņu ezers,57.2464722,24.6603611
307,Pāles ūdenskrātuve ,57.7020278,24.6779722
308,Lādes ezers,57.4365,24.6910833
309,Dūņezers,57.5326667,24.7004722
310,Limbažu Lielezers,57.4868333,24.7006944
311,Āsteres ezers,57.6186944,24.7091111
312,Greiļu dīķis,57.6937778,24.7184167
313,Mālkalna dīķis,57.4711944,24.7198611
314,Aijažu ezers,57.3818333,24.7210556
315,Paldažu dīķi,57.4581111,24.7345556
316,Ņegas ezers,56.7014444,24.7584444
317,Jērkules ezers,57.2093333,24.7635556
318,Kodajezers ,57.97425,24.7902222
319,Melnezers,57.38125,24.7936667
320,Katvaru ezers,57.5595556,24.7951389
321,Darbnīcu dīķis,57.5228611,24.7980556
322,Vāveres ezers,56.5528611,24.8014444
323,Salas ezers,57.2722222,24.8128056
324,Aģes ezers,57.2989167,24.8178333
325,Ungurpils dzirnavezers,57.7702778,24.8220833
326,Sārumezers,57.4193333,24.8259167
327,Zvejnieku ezers,57.4936389,24.8525556
328,Ķeguma ūdenskrātuve,56.6728056,24.8863333
329,Taurkalnes Aklezers ,56.5659444,24.8995
330,Mazezers,57.9784167,24.9077778
331,Ruckas ezers,57.4153333,24.9133056
332,Purezers,57.6811111,24.9145
333,Umuru ezers,57.1155556,24.9211667
334,Rāķis,57.6005278,24.9233333
335,Vitkapu ezers,56.6023056,24.9243889
336,Paužezers,57.7075833,24.9245
337,Braslas ūdenskrātuve,57.2911667,24.9282222
338,Ramatas Lielezers,57.9921944,24.9331111
339,Dzirnavu dīķis,56.8958889,24.9345
340,Jūdažu ezers,57.1041389,24.9518056
341,Riebiņu ezers,57.3772778,24.9525833
342,Urgas dzirnavezers,57.7281944,24.95325
343,Plaužu ezers,57.3106111,24.9587222
344,Eiķēnu ezers,57.3801111,24.9625
345,Pekšu ezers,57.3114444,24.9707778
346,Inderdēļu ezers,57.1436944,24.9870556
347,Vīņaudu ezers,57.3520556,24.9994722
348,Zviedru ezers,57.1511944,25.0051389
349,Augstrozes Lielezers,57.5285278,25.0137778
350,Pūricas ezers ,57.3194167,25.0138889
351,Muižnieku ezers,57.16675,25.0175278
352,Ratnieku ezers,57.1638056,25.0285278
353,Dauguļu Mazezers,57.5468889,25.03325
354,Mazais Ozolmuižas ezers,57.6365556,25.0399444
355,Muižnieku ezers,57.2810278,25.0442222
356,Ķiržu ezers,57.2905833,25.0465278
357,Lielais Ozolmuižas ezers,57.6323889,25.0475833
358,Ķiruma ezers ,57.7788611,25.0591111
359,Noru dīķis,56.8471111,25.0641944
360,Rauskas ūdenskrātuve,57.9978056,25.0708889
361,Rustēgs ,57.3393333,25.08175
362,Mazstraudzes dzelve,57.2979167,25.0829444
363,Pečora ezers,56.8871389,25.1321667
364,Znotiņu ezers ,56.4982222,25.1365556
365,Auciema ezers,57.3288611,25.1466111
366,Vīķvēnu ezers,57.5106111,25.1520278
367,Melnezers,57.3611389,25.1552222
368,Raiskuma ezers,57.3143333,25.1627222
369,Driškins,57.36175,25.1706667
370,Bauņu dzirnavezers,57.7428889,25.1745556
371,Lielais Bauzis,57.4210278,25.1874167
372,Asaru ezers,57.1481111,25.1951389
373,Mazais Bauzis,57.4119444,25.2055556
374,Sēļu dīķis,57.8553056,25.2123056
375,Zilūža ezers,57.5975278,25.2398333
376,Burtnieku ezers ,57.7401944,25.2411944
377,Lielais Ansis,57.4688056,25.2443889
378,Plaužu ezers,56.8881667,25.2522222
379,Vaidavas ezers,57.4405,25.2751111
380,Lobes ezers,56.7213333,25.2754167
381,Ezerrožu ezers,57.0452778,25.2822222
382,Āraišu ezers,57.2501667,25.2868333
383,Rēveļu ezers,57.1404167,25.2886667
384,Ninieris,57.3377222,25.2941667
385,Vēķu ezers,57.2275278,25.3039722
386,Rezguļu ezers,57.0660278,25.3288889
387,Rābuta ezers,57.4305,25.3308333
388,Kocēnu ūdenskrātuve,57.5246111,25.3314722
389,Gaucis,57.2208611,25.3416111
390,Annas ezers ,57.0351667,25.3606944
391,Brandeļu dzirnavezers ,57.5288056,25.3639722
392,Štulvis,56.2509444,25.3703611
393,Kosas ezers,57.0885556,25.3756944
394,Mazums,57.2261667,25.3860278
395,Laņģezers,57.9903611,25.4163611
396,Zvannieku ezers,57.0361389,25.4237222
397,Sarkaņu ezers,57.0465,25.4268056
398,Saukas ezers,56.26425,25.4671389
399,Krīgānu ezers,56.2020556,25.4686667
400,Viņaukas ezers,56.1871111,25.4788333
401,Pļaviņu ūdenskrātuve,56.5935278,25.4882222
402,Mazsunākstes ezers,56.4477222,25.5011944
403,Sērmūkšu ezers,57.1268333,25.5058333
404,Startu ezers,57.4115278,25.5205
405,Brenguļu dzirnavezers,57.5468611,25.5304444
406,Ilzu ezers,56.1630833,25.53075
407,Lielais Klauces ezers,56.2857222,25.5676111
408,Piksteres ezers,56.4485,25.5706944
409,Dumblis,56.1578056,25.5769444
410,Bānūžu ezers,57.1453056,25.5909722
411,Mazais Klauces ezers,56.2869444,25.5965556
412,Gulbenes ezers ,57.2110556,25.6068333
413,Leimaņu ezers,57.02625,25.6235278
414,Vecmuižas ezers,56.8903333,25.6240278
415,Ilzes ezers,57.1336111,25.6248333
416,Ērgļu ūdenskrātuve,56.9018333,25.6429444
417,Ilzes ezers,57.2336389,25.6454444
418,Baltiņu ezers,56.52375,25.6458611
419,Stupēnu ezers,57.14225,25.6495833
420,Brenkūzis,57.1321944,25.6524167
421,Dabaru ezers,57.1512778,25.6525
422,Sūpes ezers,56.2789722,25.6555
423,Viesītes ezers,56.3510833,25.66225
424,Vasarāja ezers,56.3589722,25.6625278
425,Arāja ezers,57.1990556,25.6709444
426,Juveris,57.2213333,25.6736667
427,Cepšu ezers,57.8362222,25.67525
428,Kaupēnu ezers,57.2323056,25.6768056
429,Kapsētas ezers,57.1900833,25.6851389
430,Dutkas ezers,57.5119722,25.6854444
431,Pulgosnis ,56.8838056,25.6888611
432,Taurenes ezers,57.1615556,25.6941944
433,Baznīcas ezers,57.5271667,25.6971111
434,Vīķu ezers,56.5533889,25.6999722
435,Bezdibenis,57.8231667,25.7003889
436,Ilzins,56.8608333,25.7015278
437,Zobols,57.0745,25.7016944
438,Lubūzis,57.2820278,25.7054444
439,Raunaisis,57.2569722,25.7056389
440,Pakšēnu ezers,56.9220833,25.7068333
441,Sedas dīķi,57.7166111,25.7143333
442,Trikātas ezers,57.5411944,25.7149444
443,Rūķis,57.7564167,25.7149444
444,Odzes ezers,56.6686944,25.7151667
445,Zosins,56.8570556,25.7233056
446,Laišķenu ezers,56.8761944,25.7261944
447,Nomavas ezers,56.3078889,25.7275278
448,Stirnezers,56.8678611,25.73625
449,Lācīšu ezers,56.9750278,25.7364167
450,Kukris,57.7505278,25.7380278
451,Jumurdas ezers,56.9454444,25.7553611
452,Vecmuižas ezers,56.1304167,25.7558056
453,Klaucānu ezers,56.3516389,25.76075
454,Valdis,57.7481389,25.7704444
455,Alauksts,57.0935833,25.77325
456,Kūsītis,56.8707778,25.7762778
457,Priekulānu ezers,56.3521111,25.7765
458,Tauns,57.05875,25.77875
459,Auļukalna ezers,57.2261667,25.7847778
460,Dāmenezers,56.6728889,25.7881389
461,Inesis,57.032,25.7906111
462,Nedzis,57.0075833,25.80275
463,Alvīšezers,56.7687222,25.8065
464,Laipītis,56.8772222,25.8141667
465,Seisums,57.2328889,25.817
466,Rudiņu ezers,57.2023333,25.8231667
467,Kālezers,56.8595556,25.8256389
468,Bancānu ezers,56.3474722,25.8258056
469,Gailītis,57.1095556,25.8293333
470,Draudzesskolas ezers,57.2203056,25.8369722
471,Sudzērdiņš,56.8755833,25.83725
472,Lizdoles ezers,57.2937778,25.8381389
473,Brengūzis,57.2286389,25.8453056
474,Slieķu ezers,57.126,25.8459167
475,Zuju ezers,56.1148333,25.8486389
476,Sedas ezers,57.6952222,25.853
477,Radžu ūdenskrātuve,56.4778611,25.8575278
478,Sietnieku ezers,56.9057778,25.8585556
479,Krogus ezers,57.2279444,25.8596389
480,Pāvītes ezers,56.9866667,25.8600833
481,Kreiļu ezers,57.2072778,25.8644444
482,Bricu ezers,57.1152222,25.8704722
483,Salājs,56.8732778,25.8712222
484,Vidusezers,56.9055833,25.8738611
485,Bērzu ezers,57.8108333,25.8739444
486,Briņģu ezers,57.003,25.8775556
487,Ilziņš,56.8637778,25.8793056
488,Vārzgūnes ezers,56.3836111,25.8935556
489,Slīpju ezers,57.4917778,25.8980556
490,Mazais Subates ezers,55.9949722,25.8981667
491,Kaņepēnu ezers,56.8274167,25.9012222
492,Āzišķu ezers,56.02725,25.9122778
493,Asmenītis,56.8765833,25.9136667
494,Lielais Subates ezers,56.011,25.9186111
495,Svuiļu ezers,56.0306667,25.9217222
496,Talejas ezers,56.8634167,25.9225556
497,Patmalnieku ezers,56.0546389,25.9343611
498,Dūķis,57.2138056,25.945
499,Kazimirvāles ezers,55.9979444,25.9483056
500,Aiviekstes ūdenskrātuve,56.6485556,25.9514167
501,Spicieris,57.4209722,25.9583611
502,Viešūrs ,56.8965833,25.9681389
503,Zāģezers,57.7957222,25.9723611
504,Niedrājs,57.435,25.9735556
505,Ūbēris,56.9691944,25.9824444
506,Duniju ezers,57.2455556,25.9878333
507,Gulbēris,56.9898889,25.9920278
508,Baltiņu ezers,56.4988889,26.0047222
509,Laukezers,56.4910833,26.0075833
510,Baļotes ezers,56.5435556,26.0184167
511,Ildzenieku ezers,56.4895833,26.0232778
512,Lielais Līdēris,56.9467778,26.0259444
513,Mazais Līdēris,56.95825,26.0260556
514,Kalsnavas ezers,56.7439722,26.0346944
515,Pudulu ezers,56.7533333,26.0411667
516,Liezēris,57.0051944,26.0525833
517,Kaminčas ezers,55.9861111,26.053
518,Diņķēnu ezers,56.7754444,26.0541944
519,Leišu ezers,57.6758611,26.0569722
520,Lipielu ezers,56.8509722,26.0583889
521,Siežu ezers,56.9755833,26.0585556
522,Pabēržu ezers,55.9291111,26.0700833
523,Dziļūkstes ezers,56.9788333,26.073
524,Sviļu ezers,55.9697222,26.0754444
525,Baltezers,55.9614167,26.07925
526,Sezēris,56.9999444,26.0819444
527,Ilzines ezers,56.04975,26.0835833
528,Silabebru ezers,56.6046389,26.0843056
529,Lustbergas ezers,55.9308611,26.08475
530,Atstirves ezers,56.97,26.0853611
531,Sāvienas ezers,56.6646944,26.0953611
532,Labones ezers,56.7874722,26.1155
533,Pāķu ezers,56.4391111,26.1328889
534,Vadainis,57.5805278,26.1383333
535,Silavu ezers,56.4041111,26.1386389
536,Gruženieku ezers,56.4315833,26.1410833
537,Omberģis ,55.9202778,26.1418056
538,Garais ezers,56.4125,26.1463056
539,Vēderis,57.5908056,26.1466667
540,Pelšu ezers,56.8351667,26.153
541,Svētes ezers ,56.7681944,26.1543056
542,Salainis,57.5831667,26.1599722
543,Dūku ezers,56.7768333,26.1642222
544,Sētas ezers,57.5887778,26.1766944
545,Baltezers,56.6333333,26.1823333
546,Kalmodu ezers,57.2591389,26.1900833
547,Cepļu ezers,57.2550278,26.1913056
548,Garūlis,57.5925833,26.1928889
549,Šarlotes ezers,55.8843611,26.1956389
550,Iesalnieku ezers,56.3285556,26.1980833
551,Driksnis ,56.6762778,26.2113333
552,Jersikas ezers,56.2515556,26.21825
553,Baltiņu ezers,56.7983889,26.21875
554,Kārzdabas ezers,56.9865556,26.2199167
555,Rāceņu ezers,56.8303333,26.2213611
556,Marijas ezers ,55.8808611,26.2251667
557,Galiņu ezers,55.8152778,26.2308056
558,Sabaļa ezers,55.9970833,26.2363056
559,Lazdonas ezers,56.8261111,26.2392778
560,Salas ezers,56.844,26.2506389
561,Skujiņu ezers,55.8314444,26.2576667
562,Lielais Kumpinišku ezers,55.773,26.2641389
563,Kalna Bužezers,57.4393056,26.3048056
564,Sasaļu ezers,55.9301667,26.3053611
565,Mazais Ilgas ezers,55.7980556,26.3112222
566,Odzienas ezers,56.6525,26.3161111
567,Dziļais ezers,55.8538056,26.3161389
568,Lielais Ilgas ezers,55.8069444,26.3212222
569,Meduma ezers,55.791,26.3398333
570,Šķirsteņu ezers,55.8120833,26.3444722
571,Gerlaks ,56.2065556,26.3446111
572,Kurtavas ezers,56.6356944,26.3505
573,Lielais Virānes ezers,57.05775,26.3540278
574,Mazais Virānes ezers,57.0438889,26.3638611
575,Zvārtavas ezers,57.5341667,26.364
576,Marindzes ezers ,56.5624167,26.3698056
577,Kurcuma ezers,55.7301667,26.3720833
578,Mustera ezers,57.2654722,26.3725
579,Robežas ezers,55.7141944,26.3750278
580,Samaņkas ezers,55.70975,26.3818889
581,Islienas ezers,56.6552222,26.3822778
582,Kosinis ,56.0117778,26.3836667
583,Ādmiņu ezers,57.2653056,26.3999167
584,Siksalas ezers,56.6486667,26.4175556
585,Mindaugas ezers,56.6663056,26.4278889
586,Tolkajas ezers,56.6445,26.43125
587,Bedres ezers,56.9686667,26.4375556
588,Ļūbasts,55.9508889,26.4502778
589,Veiganta ezers,56.5912778,26.4626389
590,Boltazars,56.0683889,26.48225
591,Vērtēzis,56.6693056,26.4826389
592,Daguma ezers ,56.4706111,26.4974722
593,Šķirnates ezers ,55.6871389,26.4985833
594,Šuņazars,55.9006944,26.5056111
595,Roznieku ezers,57.26275,26.5069722
596,Lielais Murmasts,56.6231389,26.5174722
597,Lielais Kolupa ezers,56.1445833,26.5241111
598,Krīvānu ezers,56.054,26.5251944
599,Dervanišku ezers ,55.7886389,26.5326944
600,Galgauskas ezers,57.2254167,26.5331389
601,Malnais ezers ,56.5532778,26.5339167
602,Mazais Kolupa ezers,56.1112222,26.5340556
603,Seiļu ezers,56.0280833,26.5361389
604,Demenes ezers,55.73425,26.5362778
605,Briģenes ezers,55.7446944,26.5418889
606,Lisiņš ,56.631,26.54375
607,Akmenka,55.7204444,26.5543333
608,Dārza ezers ,55.7035556,26.5544167
609,Skirnas ezers,55.6771944,26.564
610,Pīslaists,56.5745556,26.5681944
611,Siladzirnavu ezers,57.0844444,26.583
612,Jāņuciema ezers ,55.7575833,26.5926111
613,Mazais Stropu ezers,55.9318611,26.5968333
614,Lielais Stropu ezers,55.9136944,26.5969444
615,Ugarinka,55.71275,26.6379722
616,Bleidas ezers,56.2208333,26.6451111
617,Čerņava ,55.7251389,26.6506389
618,Ušura ezers,57.0509444,26.6561944
619,Kumbuļu ezers,55.7487222,26.6650833
620,Ziļmas ezers ,56.2263333,26.6765833
621,Šusta ezers,56.1942778,26.6819167
622,Garais ezers,57.4358889,26.6829722
623,Sudals,57.3159444,26.6844444
624,Bruņu ezers,55.7911111,26.6870556
625,Augulienas ezers,57.2707222,26.6969722
626,Luksta ezers,57.4240556,26.6982778
627,Lielsloku ezers,57.3973611,26.7112778
628,Limanka,56.1835278,26.7131944
629,Ķiploks,57.3286389,26.7136944
630,Riču ezers,55.6967778,26.7161944
631,Pātražs,57.3411111,26.7191667
632,Pelēča ezers,56.169,26.7234444
633,Pintelis,57.2740556,26.7368056
634,Veirūgnes ezers,56.1063889,26.73875
635,Šēnheidas ezers,55.7577778,26.7391111
636,Dūju dambis,57.3834444,26.7489167
637,Pirmā Glušonka,55.7261389,26.757
638,Otrā Glušonka,55.7276111,26.7668611
639,Sitas ezers,55.6777778,26.7764444
640,Luknas ezers,56.0675556,26.7826944
641,Kalekaura ezers,57.5681389,26.7859167
642,Abiteļu ezers,55.7713333,26.7890278
643,Dotka,56.0514722,26.7911111
644,Sila ezers,55.7286944,26.7911389
645,Opulītis,57.3023889,26.7916667
646,Volņaņišku ezers,55.7121389,26.8075278
647,Smiļģine ,55.7217222,26.8130278
648,Zabolotņiku ezers,55.7469167,26.8139167
649,Višku ezers,56.0522222,26.8222222
650,Sprīvuļu ezers,57.3141111,26.8245278
651,Klepinu ezers,55.7603889,26.8441667
652,Lielā Solka ,56.1793056,26.8523056
653,Kaučers ,56.2714722,26.8572778
654,Stūponu ezers,56.2573333,26.8579444
655,Beļānu ezers ,55.7113611,26.8604167
656,Lielais Ostrovas ezers,56.3171944,26.8678056
657,Mazā Solka ,56.1798056,26.8689167
658,Salmejs ,56.2900556,26.8751667
659,Dūnakļu ezers,55.76075,26.8757778
660,Ārdavas ezers,56.1326389,26.8771944
661,Ludza ezers,57.2641111,26.8818333
662,Lubāns ,56.7747778,26.886
663,Eikša ezers,56.1968611,26.8887778
664,Jašas ezers,56.2108333,26.891
665,Stāmerienas ezers,57.2225,26.89125
666,Pogas ezers,57.2089722,26.8987778
667,Kirjanišku ezers,55.7720833,26.9003056
668,Mezītis,57.0881944,26.9119167
669,Bicānu ezers,56.2236667,26.9123889
670,Sedežs,56.2456944,26.9150556
671,Kamenkas ezers,55.7853889,26.9171944
672,Pilskalna ezers,57.5887222,26.9234722
673,Pakalnis ,56.0954722,26.9251111
674,Oposta ezers,56.1476111,26.9259722
675,Kategrada ezers,56.2266667,26.9350278
676,Kalnienas ezers,57.2711667,26.9418333
677,Teirumnīku ezers,56.7204167,26.9481389
678,Ruskuļu ezers,56.1281667,26.9496389
679,Lazdags,57.0583889,26.9571944
680,Kauguru ezers,57.1826389,26.9571944
681,Lielais Baltiņš,57.5994722,26.9638889
682,Tartaka dzirnavezers,55.8871111,26.9746944
683,Cirišs,56.1336111,26.9765
684,Drabāku-Orenīšu dīķi,56.6881111,26.9784167
685,Lielā Kurtoša ,56.1984167,26.9798889
686,Raipala ezers,57.5855556,26.9798889
687,Buliņa ezers,57.392,26.98125
688,Kalnis,57.0955,26.9825278
689,Zolvas ezers,56.2244167,26.9862778
690,Ciriša ūdenskrātuve,56.1005833,26.9905556
691,Feimaņu ezers,56.2756944,26.998
692,Indzeris,57.3804722,27.0026944
693,Veclaicenes ezers,57.5648611,27.01225
694,Šķeltovas ezers,56.0282778,27.0130556
695,Sargavas ezers,55.9740833,27.01575
696,Kameņecas Ilzs ,56.1446667,27.0178333
697,Aglonas ezers ,56.1241667,27.0258333
698,Sekstu ezers,56.2148889,27.036
699,Rušons ,56.1836944,27.0401389
700,Pullans,57.4005278,27.0410833
701,Peipiņu ezers ,56.03275,27.0411111
702,Dziliukšņa ezers,56.25325,27.0467222
703,Galdacis,56.2459722,27.0525278
704,Lielais Dubuļkas ezers,56.119,27.0539722
705,Dzilnas ezers,57.4661944,27.0550278
706,Lielais Kiuriņa ezers,56.7623333,27.0593889
707,Kopiunes ezers,56.9685278,27.06
708,Aksenovas ezers,56.0394444,27.0630833
709,Gadrinkas ezers,56.2108889,27.0660278
710,Kovališku ezers,56.2633611,27.0728889
711,Ciskodu ezers,56.452,27.0775278
712,Mazais Kiuriņa ezers,56.7748611,27.0816667
713,Biešons,56.1013333,27.0834444
714,Alūksnes ezers,57.4496389,27.0851111
715,Karašu ezers ,56.0931389,27.0856667
716,Murata ezers,57.5815,27.0896389
717,Vaidavas ezers,57.5574722,27.1054444
718,Kaļveiša ezers,56.0568889,27.1056667
719,Čerstogas ezers,56.2554444,27.1086111
720,Bieržgaļa ezers,56.14925,27.1135833
721,Lūkumītis,57.4997222,27.1160278
722,Čertoks,56.0840556,27.1166667
723,Terehovas ezers,56.1126111,27.1180833
724,Mušas ezers ,56.1861111,27.1270278
725,Tarakanovkas ezers,56.4415,27.1345833
726,Jazinks ,56.0750833,27.1391667
727,Černostes ezers,56.2821944,27.1408889
728,Sakovas ezers,56.0324722,27.1416389
729,Svātovas ezers,56.2153333,27.14425
730,Purišs,56.2434444,27.1451944
731,Geraņimovas Ildzs ,56.1576389,27.1488056
732,Lielais Svieteņu ezers,56.76025,27.1493333
733,Ošaura ezers,56.2509167,27.1626111
734,Zosns ,56.0456389,27.1641944
735,Boževas ezers,56.9904167,27.1666389
736,Saviņu ezers ,56.0752778,27.1673333
737,Kombuļa ezers,55.9752222,27.1713056
738,Udriņka,56.0875278,27.1713889
739,Grigorija ezers,56.4519167,27.1737778
740,Losu ezers ,56.4413056,27.1751944
741,Ildzs,55.9901389,27.1773889
742,Cārmins ,56.0490278,27.1780556
743,Zirga ezers,55.9128333,27.1875
744,Ašars,55.9281944,27.1878889
745,Seklis ,55.9659722,27.1878889
746,Viertiukšņa ezers,56.3608333,27.1938056
747,Plaudiņa ezers,56.0452222,27.1974444
748,Ilganču ezers,56.9833333,27.1987778
749,Žierkleitis,56.2073889,27.202
750,Konušku ezers ,56.0711111,27.2039167
751,Pušas ezers,56.2409444,27.2043056
752,Ildzs,56.03425,27.2058056
753,Olksns ,55.9271667,27.2061389
754,Lejs ,56.0188333,27.2065
755,Pertoška,56.1268333,27.2098889
756,Pisiņa ezers ,56.1211111,27.2190278
757,Pūderovas ezers,56.6053333,27.2202222
758,Koškinas ezers,56.1336111,27.2205
759,Guļbiņa ezers,56.0069722,27.2219444
760,Pokratas ezers,56.9575278,27.2261111
761,Kustaru ezers,56.1118889,27.2280556
762,Mazais Gausls ,56.0593889,27.2281944
763,Špieļu ezers,56.3294167,27.2281944
764,Lielais Gausls ,56.0508056,27.22825
765,Osvas ezers,55.9340833,27.2332222
766,Balvu ezers,57.1309444,27.2336667
767,Pozdņakovas ezers,56.1133889,27.2431667
768,Dubuļu ezers,56.1421944,27.2437778
769,Šilovkas ezers,55.8203333,27.2470833
770,Ūgliņa ezers,56.0708611,27.2486389
771,Ižoru ezers,56.2066667,27.2510556
772,Ārdavs ,56.0121944,27.2613333
773,Cierps ,56.0826944,27.2618889
774,Baltais ezers,56.1261111,27.2633333
775,Meiruļa ezers,56.1758611,27.2663333
776,Bolts ,55.93025,27.2663611
777,Ilzas ezers,56.2585,27.2709722
778,Krāku ezeri,56.2839167,27.2738333
779,Boltais ezers,56.2457778,27.2753889
780,Soročkas ezers,56.2515,27.2768333
781,Aulejas ezers,56.0519444,27.2770833
782,Ižuņa ,56.1581667,27.2779444
783,Ots,55.9916111,27.2783056
784,Mazais Ožukns,55.9626944,27.2843333
785,Jiusers,56.6177222,27.2847778
786,Harčenku ezers,56.3640833,27.2862222
787,Okras ezers,56.1292778,27.2878889
788,Dreidzs ,55.9773611,27.2921111
789,Vilnīšu ezers ,55.8088333,27.2928611
790,Idaņa,56.1689722,27.2931389
791,Varnaviču ezers,55.8230556,27.2956111
792,Gaiduļu ezers,56.4272778,27.2982222
793,Skaistas ezers,55.9409444,27.2998056
794,Kiuku ezers,56.4581667,27.3003333
795,Griuznis,56.9694444,27.3011111
796,Lielais Ožukns,55.9575,27.3028889
797,Bierža ezers,56.0846944,27.30375
798,Pārkunu ezers,57.1446111,27.3041111
799,Grundu ezers,57.3014722,27.3045
800,Kaugurs,56.2400556,27.3059167
801,Kauseņš,55.9989167,27.3060278
802,Umaņu ezers,56.217,27.3103333
803,Zundu ezers,56.1932222,27.3160278
804,Kovšu ezers ,56.4975833,27.3191389
805,Zosnas ezers,56.3333056,27.3207222
806,Sološnīku ezers ,56.6647222,27.3266667
807,Rūbežnīks,55.9253889,27.3285
808,Soms,55.9574167,27.3308611
809,Pujatu ezers,56.6830278,27.335
810,Sivers ,56.0220278,27.3359444
811,Stībraišs ,56.2354167,27.3403611
812,Margaucis,55.9964444,27.3404167
813,Ismeru ezers ,56.3836944,27.3483056
814,Ildzs ,55.9491389,27.3489722
815,Riņģis ,55.8673611,27.3540556
816,Kuļa ezers,55.93725,27.3546389
817,Sprūgu ezers,57.235,27.3659167
818,Teneiss,56.0073889,27.3677778
819,Dauguļu ezers ,55.8679444,27.3679722
820,Bižas ezers,56.1660556,27.3696389
821,Ojots ,56.0568611,27.3760278
822,Stirns ,55.9265,27.3891944
823,Odumovas ezers ,56.55975,27.3906667
824,Viraudas ezers,56.2223889,27.3938333
825,Tiļžas ezers,56.9575278,27.3986111
826,Dziļais ezers,55.8521667,27.4058056
827,Vizuleitis,56.5824722,27.4063889
828,Stogoršņu ezers,56.6473056,27.4083056
829,Solojs,56.2075,27.4085556
830,Purva ezers,55.8580556,27.4093056
831,Ustubnīks,55.9298889,27.41375
832,Gailumu ezers,56.6796389,27.4285556
833,Raicinis,56.9075278,27.4302778
834,Dorotpoles ezers,55.8940278,27.4321389
835,Žuguru ezers,56.2034167,27.4345278
836,Orlovas ezers,57.0213889,27.4362222
837,Sološu ezers ,56.5702778,27.43675
838,Visolda ezers,56.1386667,27.4371111
839,Olovecs,56.1663333,27.4381667
840,Ižūna ezers,56.0352778,27.44075
841,Rāznas ezers,56.3268889,27.4459444
842,Lielais Pokuļevas ezers,57.2119167,27.4470556
843,Križovs,56.1766389,27.4471389
844,Svoitānu Ildzis,56.2052222,27.4496944
845,Baļinovas ezers,56.3882778,27.4501944
846,Dūņu ezers,55.9749722,27.4590278
847,Niperovas ezers,56.5103889,27.4621389
848,Plaudeņš,56.0145556,27.4640278
849,Diunoklis,56.1997778,27.4651667
850,Indrs ,55.9966667,27.4662778
851,Iļdžs,56.0198056,27.4723611
852,Luknojs,56.1822222,27.4748889
853,Garais ezers ,55.8297222,27.4810278
854,Borauga ,56.1913611,27.4876111
855,Bižu ezers,56.5265278,27.49025
856,Baltais ezers ,55.85075,27.4956111
857,Micānu ezers,56.6193333,27.4971667
858,Praļņica,56.1363889,27.4977222
859,Grižanku ezers,56.2173333,27.5012222
860,Križutu ezers,56.4825556,27.5042222
861,Ploskīnes ezers,57.0121944,27.5083056
862,Kuļpines ezers,57.1839444,27.5092778
863,Lielais Ildzis,56.17025,27.5105833
864,Melnezers ,55.8414167,27.5164167
865,Opsas ezers,56.0772222,27.5176111
866,Viraudas ezers,56.5785556,27.5180833
867,Rešetnīku ezers,56.1957222,27.5214722
868,Kaunatas ezers,56.3263611,27.5236389
869,Nūmiernes ezers,56.8480278,27.5256944
870,Garais ezers,56.0051111,27.5278889
871,Meirānu ezers,56.63125,27.5307222
872,Ostrovnas ezers,55.8283056,27.5381389
873,Rokolu ezers,56.1966389,27.5382222
874,Svātiunes ezers,56.8886389,27.5390556
875,Antropovas ezers,56.2845,27.5433056
876,Arla ezers,56.1953611,27.552
877,Spruktu ūdenskrātuve,56.4088889,27.55225
878,Stoļerovas ezers,56.4367222,27.5538056
879,Sedziers ,56.5566944,27.5548056
880,Plaudeiša ezers,56.2235,27.5626111
881,Galšūns,56.1193333,27.5626944
882,Ļutaucu ezers,56.043,27.5628056
883,Janovas ezers ,56.133,27.5630833
884,Izovas ezers,55.9074722,27.5645556
885,Nastrovas ezers,57.1953611,27.5661389
886,Pauliņu Ildzis ,56.2284167,27.5688056
887,Gostiuns,56.2411111,27.5751667
888,Obeļovas ezers,56.9033889,27.5763611
889,Ormijs ,55.9865,27.5785
890,Jolzas ezers,56.0233611,27.5786944
891,Dagdas ezers,56.0829444,27.5795
892,Stībreiša ezers,56.2110278,27.5884167
893,Pūdnīku ezers,56.48125,27.5974722
894,Motrīnes ezers,56.8680278,27.6034167
895,Matejka ,55.9685278,27.6040833
896,Eša ezers,56.1690278,27.6051389
897,Tepenīcas ezers,57.2240278,27.6056667
898,Patmaļnīku ezers ,56.2309167,27.6057222
899,Rikopoles ezers,56.3893611,27.6089722
900,Cirma ezers,56.5582778,27.6111111
901,Ancovas ezers,56.4210278,27.6111944
902,Lielais Gusena ezers,55.9661389,27.6164444
903,Lielais Asūnes ezers,56.0210278,27.6166389
904,Dubuļu ezers,56.2585833,27.6191944
905,Viecinu ezers,56.4231944,27.6268333
906,Udrijas ezers,56.1949722,27.6270833
907,Maksimovas ezers,55.8936111,27.6276944
908,Mazais Gusena ezers ,55.9566667,27.6293889
909,Marguču ezers,56.3378056,27.6314444
910,Dolgojes ezers,55.8361111,27.6329167
911,Šostu ezers,56.3814722,27.6397222
912,Dukanu ezers,56.49875,27.6406389
913,Pārtovas ezers,56.3094722,27.6467222
914,Vaišļu ezers,56.2911389,27.6484444
915,Dziļūts,56.3718333,27.654
916,Soidu ezers,56.5119444,27.6540556
917,Mošņica,55.9890833,27.6554722
918,Bečeru ezers,56.3836111,27.6568333
919,Melnais ezers ,55.9325,27.6576667
920,Kaitras ezers,56.0633056,27.6579722
921,Baltais ezers ,55.9374722,27.6611111
922,Pauguļu ezers,56.5488889,27.6643889
923,Zeiļu ezers,56.5120556,27.6657222
924,Kiudalovas ezers,56.4588333,27.6731389
925,Nauļānu ezers,55.9768333,27.6769444
926,Idzipoles ezers,56.3381667,27.6830556
927,Liepnicas ezers,57.3576111,27.68575
928,Tribuku ezers,56.4701667,27.6861389
929,Runtortas ezers,56.5289167,27.6866667
930,Zviergzdines ezers,56.5603333,27.6867222
931,Opolais Snidzins,56.3774444,27.6873611
932,Viļakas ezers,57.1928611,27.6894444
933,Kairišu ezers,56.0916667,27.6979722
934,Sleinovas ezers,56.4,27.7051111
935,Bezļesjes ezers,56.2355833,27.7113333
936,Mazais Ludzas ezers,56.5492222,27.7116944
937,Garais Snidzins,56.3840556,27.7131667
938,Diunokļa ezers,56.5590278,27.7136944
939,Antoslavas ezers ,56.4391111,27.7158056
940,Adamovas ezers,56.1958889,27.7159444
941,Bižas ezers,56.2589444,27.72175
942,Porkaļu ezers,56.3821389,27.7263889
943,Rogaižas ezers,56.3590278,27.7312222
944,Rauzu ezers,56.5093889,27.7416667
945,Vorcu ezers,56.3692778,27.7448333
946,Testečkovas ezers,56.2373333,27.7498333
947,Rancānu ezers,56.3910556,27.7548333
948,Lielais Ludzas ezers,56.53975,27.7665556
949,Osvas ezers,56.0830278,27.7718889
950,Pildas ezers,56.4710833,27.7732778
951,Ostrovas ezers,56.3882778,27.7751389
952,Škirpānu ezers,56.3905278,27.78225
953,Lielais Kūrmas ezers,56.4101389,27.7844167
954,Franapoles ezers,56.561,27.7853611
955,Vidējais ezers,56.4621111,27.787
956,Brodaižas ezers,56.3173333,27.7908056
957,Mazais Kūrmas ezers,56.42,27.8003056
958,Zurzu ezers,56.4514167,27.8021667
959,Audeļu ezers,56.2983611,27.8101111
960,Lielais Filantmuižas ezers,56.3876667,27.8108611
961,Oču ezers,56.4656667,27.8283333
962,Felicianovas ūdenskrātuve,56.5401667,27.8554444
963,Istalsnas ezers,56.48675,27.8560833
964,Aunejas ezers,56.3379722,27.8566111
965,Nazaru ezers,56.11425,27.8598333
966,Leidiukšņa ezers,56.39525,27.8606111
967,Rojevkas ezers,56.7228611,27.8792222
968,Nierzas ezers,56.3900278,27.9013889
969,Sporna ezers,56.4072222,27.9534167
970,Istras ezers,56.24425,27.9759722
971,Audzeļu ezers,56.2600278,27.9782778
972,Zeiļovas ezers,56.1839167,27.9845278
973,Kurjanovas ezers,56.5311111,27.9884722
974,Lielais Lauderu ezers,56.3490278,27.991
975,Dziļais ezers,56.2532778,27.9946389
976,Molvejas ezers,56.1995278,28.0033333
977,Gordojs,56.1866944,28.0041111
978,Plisūns,56.2205833,28.0066111
979,Maroksnas ezers,56.2791389,28.0106667
980,Keiša ezers ,56.2061389,28.0213889
981,Daļkas ezers ,56.5506667,28.0245
982,Kovšezers,56.2311944,28.0301944
983,Peiteļa ezers,56.6036944,28.0410833
984,Dolgojes ezers,56.2988611,28.0454722
985,Ubuļu ezers,56.2869167,28.0483611
986,Lielā Paļts,56.1887778,28.05025
987,Škaunas ezers,56.2624722,28.0595833
988,Brigu ezers,56.4146389,28.0699722
989,Ilza ezers,56.2374167,28.0749167
990,Sološu ezers,56.33625,28.0769444
991,Aglonkas ezers ,56.2594167,28.1097222
992,Pintu ezers,56.1848333,28.12075
993,Šešku ezers,56.1809722,28.1225556
994,Zilezers,56.5109167,28.1236944
995,Zaļesjes ezers,56.3340278,28.1409167
